{
  "n_observations": 15,
  "spearman_rho": 0.341036,
  "ci_95_low": -0.194901,
  "ci_95_high": 0.794093,
  "n_bootstrap": 10000,
  "seed": 42
}